naive-1;0
greedy-1;0
naive-2;0
greedy-2;0
naive-3;0
greedy-3;0
naive-4;0
greedy-4;0
naive-5;0
greedy-5;0
naive-6;0
greedy-6;0
naive-7;0
greedy-7;0
naive-8;0
greedy-8;0
naive-9;99
greedy-9;0
naive-10;0
greedy-10;0
naive-11;0
greedy-11;0
naive-12;0
greedy-12;0
naive-13;0
greedy-13;0
naive-14;99
greedy-14;0
naive-15;0
greedy-15;0
naive-16;0
greedy-16;0
naive-17;0
greedy-17;0
naive-18;99
greedy-18;0
naive-19;0
greedy-19;0
naive-20;0
greedy-20;0
naive-21;99
greedy-21;0
naive-22;0
greedy-22;0
naive-23;39
greedy-23;0
naive-24;0
greedy-24;0
naive-25;0
greedy-25;0
naive-26;0
greedy-26;0
naive-27;99
greedy-27;0
naive-28;99
greedy-28;0
naive-29;0
greedy-29;0
naive-30;0
greedy-30;0
naive-31;30
greedy-31;0
naive-32;6
greedy-32;0
naive-33;0
greedy-33;0
naive-34;12
greedy-34;0
naive-35;0
greedy-35;0
naive-36;41
greedy-36;0
naive-37;99
greedy-37;0
naive-38;51
greedy-38;36
naive-39;0
greedy-39;0
naive-40;47
greedy-40;40
naive-41;38
greedy-41;32
naive-42;39
greedy-42;37
naive-43;54
greedy-43;50
naive-44;99
greedy-44;34
naive-45;49
greedy-45;37
naive-46;52
greedy-46;44
naive-47;62
greedy-47;56
naive-48;43
greedy-48;38
naive-49;39
greedy-49;22
naive-50;51
greedy-50;48
naive-51;55
greedy-51;53
naive-52;49
greedy-52;44
naive-53;48
greedy-53;46
naive-54;59
greedy-54;54
naive-55;47
greedy-55;38
naive-56;50
greedy-56;40
naive-57;60
greedy-57;52
naive-58;50
greedy-58;39
naive-59;54
greedy-59;47
naive-60;58
greedy-60;58
naive-61;52
greedy-61;50
naive-62;52
greedy-62;47
naive-63;56
greedy-63;51
naive-64;59
greedy-64;54
naive-65;50
greedy-65;50
naive-66;99
greedy-66;52
naive-67;64
greedy-67;62
naive-68;99
greedy-68;56
naive-69;56
greedy-69;54
naive-70;63
greedy-70;59
naive-71;99
greedy-71;62
naive-72;60
greedy-72;53
naive-73;58
greedy-73;56
naive-74;99
greedy-74;59
naive-75;67
greedy-75;63
naive-76;59
greedy-76;53
naive-77;61
greedy-77;55
naive-78;60
greedy-78;56
naive-79;62
greedy-79;60
naive-80;99
greedy-80;58
naive-81;61
greedy-81;57
naive-82;60
greedy-82;58
naive-83;68
greedy-83;59
naive-84;63
greedy-84;61
naive-85;62
greedy-85;59
naive-86;73
greedy-86;67
naive-87;64
greedy-87;61
naive-88;66
greedy-88;61
naive-89;68
greedy-89;62
naive-90;62
greedy-90;56
naive-91;71
greedy-91;65
naive-92;68
greedy-92;66
naive-93;66
greedy-93;62
naive-94;70
greedy-94;63
naive-95;70
greedy-95;64
naive-96;68
greedy-96;64
naive-97;64
greedy-97;62
naive-98;99
greedy-98;63
naive-99;99
greedy-99;62
naive-100;66
greedy-100;62
naive-101;99
greedy-101;66
naive-102;67
greedy-102;63
naive-103;70
greedy-103;64
naive-104;69
greedy-104;65
naive-105;99
greedy-105;99
naive-106;72
greedy-106;66
naive-107;64
greedy-107;64
naive-108;99
greedy-108;66
naive-109;66
greedy-109;66
naive-110;71
greedy-110;65
naive-111;54
greedy-111;54
naive-112;59
greedy-112;47
naive-113;73
greedy-113;54
naive-114;54
greedy-114;38
naive-115;72
greedy-115;40
naive-116;57
greedy-116;57
naive-117;62
greedy-117;62
naive-118;70
greedy-118;44
naive-119;73
greedy-119;73
naive-120;57
greedy-120;51
naive-121;64
greedy-121;0
naive-122;0
greedy-122;0
naive-123;0
greedy-123;0
naive-124;0
greedy-124;0
naive-125;0
greedy-125;0
naive-126;0
greedy-126;0
naive-127;2
greedy-127;0
naive-128;0
greedy-128;0
naive-129;65
greedy-129;62
naive-130;0
greedy-130;0
naive-131;0
greedy-131;0
naive-132;0
greedy-132;0
naive-133;0
greedy-133;0
naive-134;0
greedy-134;0
naive-135;0
greedy-135;0
naive-136;0
greedy-136;0
naive-137;0
greedy-137;0
naive-138;0
greedy-138;0
naive-139;0
greedy-139;0
naive-140;44
greedy-140;0
naive-141;16
greedy-141;0
naive-142;41
greedy-142;0
naive-143;0
greedy-143;0
naive-144;0
greedy-144;0
naive-145;0
greedy-145;0
naive-146;0
greedy-146;0
naive-147;0
greedy-147;0
naive-148;0
greedy-148;0
naive-149;0
greedy-149;0
naive-150;0
greedy-150;0
naive-151;0
greedy-151;0
naive-152;45
greedy-152;45
naive-153;0
greedy-153;0
naive-154;47
greedy-154;38
naive-155;0
greedy-155;0
naive-156;51
greedy-156;48
naive-157;0
greedy-157;0
naive-158;37
greedy-158;32
naive-159;32
greedy-159;28
naive-160;55
greedy-160;41
naive-161;56
greedy-161;50
naive-162;0
greedy-162;0
naive-163;40
greedy-163;0
naive-164;61
greedy-164;59
naive-165;54
greedy-165;42
naive-166;49
greedy-166;42
naive-167;39
greedy-167;0
naive-168;0
greedy-168;0
naive-169;65
greedy-169;41
naive-170;18
greedy-170;11
naive-171;69
greedy-171;60
naive-172;44
greedy-172;44
naive-173;50
greedy-173;50
naive-174;58
greedy-174;43
naive-175;62
greedy-175;43
naive-176;0
greedy-176;0
naive-177;49
greedy-177;47
naive-178;51
greedy-178;46
naive-179;30
greedy-179;30
naive-180;54
greedy-180;49
naive-181;65
greedy-181;57
naive-182;60
greedy-182;56
naive-183;62
greedy-183;58
naive-184;56
greedy-184;49
naive-185;64
greedy-185;60
naive-186;99
greedy-186;46
naive-187;64
greedy-187;60
naive-188;68
greedy-188;61
naive-189;67
greedy-189;67
naive-190;56
greedy-190;47
naive-191;63
greedy-191;58
naive-192;63
greedy-192;61
naive-193;69
greedy-193;67
naive-194;51
greedy-194;47
naive-195;54
greedy-195;50
naive-196;67
greedy-196;61
naive-197;68
greedy-197;64
naive-198;99
greedy-198;55
naive-199;58
greedy-199;51
naive-200;74
greedy-200;66
naive-201;67
greedy-201;65
naive-202;71
greedy-202;67
naive-203;65
greedy-203;57
naive-204;65
greedy-204;61
naive-205;77
greedy-205;69
naive-206;99
greedy-206;64
naive-207;58
greedy-207;56
naive-208;58
greedy-208;56
naive-209;68
greedy-209;62
naive-210;66
greedy-210;64
naive-211;72
greedy-211;68
naive-212;73
greedy-212;67
naive-213;64
greedy-213;62
naive-214;70
greedy-214;66
naive-215;63
greedy-215;63
naive-216;64
greedy-216;64
naive-217;74
greedy-217;68
naive-218;60
greedy-218;60
naive-219;77
greedy-219;69
naive-220;67
greedy-220;65
naive-221;63
greedy-221;44
naive-222;60
greedy-222;53
naive-223;83
greedy-223;83
naive-224;54
greedy-224;54
naive-225;49
greedy-225;47
naive-226;69
greedy-226;69
naive-227;79
greedy-227;55
naive-228;69
greedy-228;52
naive-229;59
greedy-229;59
naive-230;77
greedy-230;63
naive-231;0
greedy-231;0
naive-232;86
greedy-232;80
naive-233;49
greedy-233;0
naive-234;2
greedy-234;0
naive-235;77
greedy-235;49
naive-236;35
greedy-236;33
naive-237;0
greedy-237;0
naive-238;38
greedy-238;32
naive-239;0
greedy-239;0
naive-240;0
greedy-240;0
naive-241;0
greedy-241;0
naive-242;0
greedy-242;0
naive-243;27
greedy-243;22
naive-244;64
greedy-244;0
naive-245;84
greedy-245;72
naive-246;2
greedy-246;0
naive-247;20
greedy-247;20
naive-248;0
greedy-248;0
naive-249;46
greedy-249;0
naive-250;0
greedy-250;0
naive-251;0
greedy-251;0
naive-252;0
greedy-252;0
naive-253;0
greedy-253;0
naive-254;0
greedy-254;0
naive-255;0
greedy-255;0
naive-256;14
greedy-256;0
naive-257;44
greedy-257;0
naive-258;0
greedy-258;0
naive-259;9
greedy-259;0
naive-260;0
greedy-260;0
naive-261;46
greedy-261;0
naive-262;0
greedy-262;0
naive-263;0
greedy-263;0
naive-264;50
greedy-264;0
naive-265;50
greedy-265;43
naive-266;0
greedy-266;0
naive-267;39
greedy-267;0
naive-268;36
greedy-268;0
naive-269;0
greedy-269;0
naive-270;0
greedy-270;0
naive-271;51
greedy-271;43
naive-272;26
greedy-272;22
naive-273;38
greedy-273;6
naive-274;43
greedy-274;0
naive-275;54
greedy-275;48
naive-276;0
greedy-276;0
naive-277;23
greedy-277;23
naive-278;0
greedy-278;0
naive-279;50
greedy-279;31
naive-280;8
greedy-280;0
naive-281;47
greedy-281;0
naive-282;52
greedy-282;32
naive-283;71
greedy-283;59
naive-284;45
greedy-284;41
naive-285;0
greedy-285;0
naive-286;60
greedy-286;42
naive-287;58
greedy-287;45
naive-288;45
greedy-288;41
naive-289;69
greedy-289;49
naive-290;43
greedy-290;34
naive-291;47
greedy-291;23
naive-292;47
greedy-292;40
naive-293;52
greedy-293;45
naive-294;70
greedy-294;43
naive-295;40
greedy-295;24
naive-296;19
greedy-296;19
naive-297;99
greedy-297;55
naive-298;71
greedy-298;57
naive-299;64
greedy-299;58
naive-300;53
greedy-300;51
naive-301;57
greedy-301;49
naive-302;71
greedy-302;56
naive-303;67
greedy-303;65
naive-304;52
greedy-304;50
naive-305;55
greedy-305;47
naive-306;54
greedy-306;40
naive-307;69
greedy-307;59
naive-308;57
greedy-308;53
naive-309;69
greedy-309;55
naive-310;69
greedy-310;61
naive-311;61
greedy-311;53
naive-312;70
greedy-312;62
naive-313;67
greedy-313;61
naive-314;70
greedy-314;62
naive-315;75
greedy-315;71
naive-316;66
greedy-316;60
naive-317;68
greedy-317;58
naive-318;51
greedy-318;45
naive-319;63
greedy-319;57
naive-320;79
greedy-320;68
naive-321;64
greedy-321;58
naive-322;81
greedy-322;71
naive-323;63
greedy-323;63
naive-324;64
greedy-324;58
naive-325;63
greedy-325;59
naive-326;65
greedy-326;65
naive-327;68
greedy-327;60
naive-328;63
greedy-328;59
naive-329;66
greedy-329;58
naive-330;61
greedy-330;57
naive-331;71
greedy-331;66
naive-332;83
greedy-332;83
naive-333;89
greedy-333;79
naive-334;76
greedy-334;76
naive-335;78
greedy-335;74
naive-336;65
greedy-336;63
naive-337;89
greedy-337;75
naive-338;57
greedy-338;55
naive-339;62
greedy-339;59
naive-340;76
greedy-340;68
naive-341;61
greedy-341;45
naive-342;62
greedy-342;62
naive-343;55
greedy-343;41
naive-344;51
greedy-344;51
naive-345;0
greedy-345;0
naive-346;55
greedy-346;55
naive-347;71
greedy-347;38
naive-348;4
greedy-348;0
naive-349;75
greedy-349;53
naive-350;56
greedy-350;41
naive-351;0
greedy-351;0
naive-352;0
greedy-352;0
naive-353;59
greedy-353;0
naive-354;0
greedy-354;0
naive-355;0
greedy-355;0
naive-356;0
greedy-356;0
naive-357;76
greedy-357;73
naive-358;0
greedy-358;0
naive-359;54
greedy-359;54
naive-360;56
greedy-360;43
naive-361;0
greedy-361;0
naive-362;0
greedy-362;0
naive-363;0
greedy-363;0
naive-364;0
greedy-364;0
naive-365;0
greedy-365;0
naive-366;0
greedy-366;0
naive-367;0
greedy-367;0
naive-368;0
greedy-368;0
naive-369;0
greedy-369;0
naive-370;0
greedy-370;0
naive-371;0
greedy-371;0
naive-372;0
greedy-372;0
naive-373;0
greedy-373;0
naive-374;0
greedy-374;0
naive-375;0
greedy-375;0
naive-376;0
greedy-376;0
naive-377;0
greedy-377;0
naive-378;0
greedy-378;0
naive-379;0
greedy-379;0
naive-380;0
greedy-380;0
naive-381;29
greedy-381;0
naive-382;0
greedy-382;0
naive-383;57
greedy-383;35
naive-384;47
greedy-384;0
naive-385;0
greedy-385;0
naive-386;46
greedy-386;0
naive-387;53
greedy-387;0
naive-388;49
greedy-388;36
naive-389;45
greedy-389;0
naive-390;0
greedy-390;0
naive-391;0
greedy-391;0
naive-392;0
greedy-392;0
naive-393;0
greedy-393;0
naive-394;49
greedy-394;36
naive-395;0
greedy-395;0
naive-396;0
greedy-396;0
naive-397;63
greedy-397;0
naive-398;54
greedy-398;0
naive-399;3
greedy-399;3
naive-400;49
greedy-400;37
naive-401;46
greedy-401;0
naive-402;72
greedy-402;58
naive-403;65
greedy-403;59
naive-404;66
greedy-404;54
naive-405;58
greedy-405;54
naive-406;78
greedy-406;57
naive-407;58
greedy-407;52
naive-408;56
greedy-408;46
naive-409;49
greedy-409;18
naive-410;62
greedy-410;62
naive-411;50
greedy-411;39
naive-412;55
greedy-412;51
naive-413;46
greedy-413;39
naive-414;99
greedy-414;48
naive-415;51
greedy-415;44
naive-416;56
greedy-416;56
naive-417;68
greedy-417;55
naive-418;57
greedy-418;0
naive-419;53
greedy-419;51
naive-420;70
greedy-420;64
naive-421;65
greedy-421;57
naive-422;69
greedy-422;57
naive-423;63
greedy-423;51
naive-424;76
greedy-424;68
naive-425;56
greedy-425;53
naive-426;64
greedy-426;54
naive-427;58
greedy-427;50
naive-428;61
greedy-428;55
naive-429;63
greedy-429;57
naive-430;60
greedy-430;49
naive-431;59
greedy-431;55
naive-432;78
greedy-432;64
naive-433;65
greedy-433;57
naive-434;50
greedy-434;44
naive-435;99
greedy-435;58
naive-436;62
greedy-436;56
naive-437;51
greedy-437;43
naive-438;79
greedy-438;59
naive-439;58
greedy-439;46
naive-440;65
greedy-440;63
naive-441;63
greedy-441;61
naive-442;72
greedy-442;67
naive-443;72
greedy-443;67
naive-444;67
greedy-444;60
naive-445;70
greedy-445;65
naive-446;76
greedy-446;71
naive-447;68
greedy-447;61
naive-448;79
greedy-448;72
naive-449;78
greedy-449;71
naive-450;68
greedy-450;68
naive-451;59
greedy-451;54
naive-452;74
greedy-452;62
naive-453;59
greedy-453;59
naive-454;64
greedy-454;48
naive-455;62
greedy-455;60
naive-456;43
greedy-456;17
naive-457;57
greedy-457;57
naive-458;79
greedy-458;79
naive-459;51
greedy-459;42
naive-460;74
greedy-460;67
naive-461;50
greedy-461;44
naive-462;9
greedy-462;0
naive-463;69
greedy-463;64
naive-464;0
greedy-464;0
naive-465;0
greedy-465;0
naive-466;64
greedy-466;40
naive-467;56
greedy-467;52
naive-468;39
greedy-468;35
naive-469;51
greedy-469;44
naive-470;0
greedy-470;0
naive-471;31
greedy-471;0
naive-472;0
greedy-472;0
naive-473;0
greedy-473;0
naive-474;37
greedy-474;0
naive-475;0
greedy-475;0
naive-476;0
greedy-476;0
naive-477;0
greedy-477;0
naive-478;0
greedy-478;0
naive-479;53
greedy-479;0
naive-480;41
greedy-480;39
naive-481;12
greedy-481;12
naive-482;0
greedy-482;0
naive-483;0
greedy-483;0
naive-484;0
greedy-484;0
naive-485;0
greedy-485;0
naive-486;0
greedy-486;0
naive-487;0
greedy-487;0
naive-488;0
greedy-488;0
naive-489;0
greedy-489;0
naive-490;0
greedy-490;0
naive-491;0
greedy-491;0
naive-492;0
greedy-492;0
naive-493;0
greedy-493;0
naive-494;57
greedy-494;0
naive-495;0
greedy-495;0
naive-496;43
greedy-496;43
naive-497;0
greedy-497;0
naive-498;0
greedy-498;0
naive-499;0
greedy-499;0
naive-500;51
greedy-500;0
naive-501;87
greedy-501;56
naive-502;0
greedy-502;0
naive-503;54
greedy-503;0
naive-504;52
greedy-504;35
naive-505;0
greedy-505;0
naive-506;51
greedy-506;0
naive-507;0
greedy-507;0
naive-508;0
greedy-508;0
naive-509;0
greedy-509;0
naive-510;36
greedy-510;12
naive-511;50
greedy-511;42
naive-512;1
greedy-512;0
naive-513;0
greedy-513;0
naive-514;99
greedy-514;35
naive-515;38
greedy-515;0
naive-516;82
greedy-516;80
naive-517;0
greedy-517;0
naive-518;35
greedy-518;2
naive-519;47
greedy-519;0
naive-520;50
greedy-520;46
naive-521;40
greedy-521;0
naive-522;45
greedy-522;0
naive-523;0
greedy-523;0
naive-524;72
greedy-524;72
naive-525;69
greedy-525;44
naive-526;40
greedy-526;40
naive-527;80
greedy-527;63
naive-528;0
greedy-528;0
naive-529;37
greedy-529;35
naive-530;38
greedy-530;26
naive-531;74
greedy-531;68
naive-532;58
greedy-532;58
naive-533;52
greedy-533;52
naive-534;71
greedy-534;43
naive-535;68
greedy-535;58
naive-536;42
greedy-536;38
naive-537;85
greedy-537;67
naive-538;64
greedy-538;48
naive-539;69
greedy-539;63
naive-540;76
greedy-540;66
naive-541;77
greedy-541;69
naive-542;66
greedy-542;60
naive-543;72
greedy-543;58
naive-544;71
greedy-544;61
naive-545;57
greedy-545;45
naive-546;58
greedy-546;38
naive-547;55
greedy-547;43
naive-548;68
greedy-548;58
naive-549;74
greedy-549;60
naive-550;77
greedy-550;71
naive-551;72
greedy-551;68
naive-552;81
greedy-552;72
naive-553;76
greedy-553;76
naive-554;77
greedy-554;69
naive-555;72
greedy-555;66
naive-556;81
greedy-556;77
naive-557;80
greedy-557;78
naive-558;99
greedy-558;73
naive-559;76
greedy-559;72
naive-560;73
greedy-560;73
naive-561;63
greedy-561;63
naive-562;72
greedy-562;67
naive-563;60
greedy-563;54
naive-564;50
greedy-564;42
naive-565;61
greedy-565;59
naive-566;71
greedy-566;66
naive-567;45
greedy-567;36
naive-568;65
greedy-568;58
naive-569;68
greedy-569;60
naive-570;54
greedy-570;0
naive-571;38
greedy-571;19
naive-572;50
greedy-572;46
naive-573;69
greedy-573;38
naive-574;43
greedy-574;39
naive-575;45
greedy-575;31
naive-576;57
greedy-576;53
naive-577;44
greedy-577;31
naive-578;66
greedy-578;59
naive-579;64
greedy-579;55
naive-580;0
greedy-580;0
naive-581;35
greedy-581;3
naive-582;38
greedy-582;0
naive-583;0
greedy-583;0
naive-584;4
greedy-584;0
naive-585;38
greedy-585;38
naive-586;31
greedy-586;25
naive-587;30
greedy-587;0
naive-588;46
greedy-588;0
naive-589;55
greedy-589;53
naive-590;42
greedy-590;18
naive-591;0
greedy-591;0
naive-592;0
greedy-592;0
naive-593;0
greedy-593;0
naive-594;0
greedy-594;0
naive-595;0
greedy-595;0
naive-596;0
greedy-596;0
naive-597;0
greedy-597;0
naive-598;5
greedy-598;0
naive-599;99
greedy-599;0
naive-600;0
greedy-600;0
naive-601;0
greedy-601;0
naive-602;0
greedy-602;0
naive-603;0
greedy-603;0
naive-604;0
greedy-604;0
naive-605;0
greedy-605;0
naive-606;0
greedy-606;0
naive-607;0
greedy-607;0
naive-608;0
greedy-608;0
naive-609;0
greedy-609;0
naive-610;0
greedy-610;0
naive-611;0
greedy-611;0
naive-612;0
greedy-612;0
naive-613;0
greedy-613;0
naive-614;0
greedy-614;0
naive-615;0
greedy-615;0
naive-616;0
greedy-616;0
naive-617;0
greedy-617;0
naive-618;0
greedy-618;0
naive-619;0
greedy-619;0
naive-620;0
greedy-620;0
naive-621;66
greedy-621;48
naive-622;0
greedy-622;0
naive-623;0
greedy-623;0
naive-624;54
greedy-624;0
naive-625;38
greedy-625;0
naive-626;0
greedy-626;0
naive-627;24
greedy-627;0
naive-628;37
greedy-628;0
naive-629;57
greedy-629;57
naive-630;0
greedy-630;0
naive-631;0
greedy-631;0
naive-632;43
greedy-632;12
naive-633;78
greedy-633;47
naive-634;59
greedy-634;41
naive-635;42
greedy-635;0
naive-636;66
greedy-636;38
naive-637;0
greedy-637;0
naive-638;0
greedy-638;0
naive-639;0
greedy-639;0
naive-640;55
greedy-640;51
naive-641;89
greedy-641;69
naive-642;99
greedy-642;70
naive-643;0
greedy-643;0
naive-644;59
greedy-644;0
naive-645;0
greedy-645;0
naive-646;63
greedy-646;43
naive-647;54
greedy-647;48
naive-648;63
greedy-648;35
naive-649;62
greedy-649;58
naive-650;48
greedy-650;39
naive-651;74
greedy-651;62
naive-652;54
greedy-652;52
naive-653;44
greedy-653;38
naive-654;64
greedy-654;50
naive-655;51
greedy-655;45
naive-656;63
greedy-656;53
naive-657;58
greedy-657;42
naive-658;36
greedy-658;0
naive-659;53
greedy-659;47
naive-660;53
greedy-660;0
naive-661;69
greedy-661;63
naive-662;79
greedy-662;69
naive-663;70
greedy-663;68
naive-664;76
greedy-664;69
naive-665;66
greedy-665;66
naive-666;78
greedy-666;76
naive-667;73
greedy-667;67
naive-668;72
greedy-668;72
naive-669;79
greedy-669;74
naive-670;77
greedy-670;71
naive-671;69
greedy-671;65
naive-672;73
greedy-672;73
naive-673;70
greedy-673;65
naive-674;60
greedy-674;58
naive-675;65
greedy-675;63
naive-676;75
greedy-676;69
naive-677;77
greedy-677;70
naive-678;69
greedy-678;64
naive-679;60
greedy-679;57
naive-680;65
greedy-680;63
naive-681;61
greedy-681;61
naive-682;50
greedy-682;45
naive-683;54
greedy-683;41
naive-684;73
greedy-684;37
naive-685;76
greedy-685;44
naive-686;41
greedy-686;41
naive-687;61
greedy-687;55
naive-688;49
greedy-688;44
naive-689;46
greedy-689;28
naive-690;61
greedy-690;53
naive-691;20
greedy-691;16
naive-692;53
greedy-692;0
naive-693;43
greedy-693;32
naive-694;0
greedy-694;0
naive-695;0
greedy-695;0
naive-696;44
greedy-696;37
naive-697;0
greedy-697;0
naive-698;0
greedy-698;0
naive-699;47
greedy-699;38
naive-700;43
greedy-700;0
naive-701;0
greedy-701;0
naive-702;0
greedy-702;0
naive-703;0
greedy-703;0
naive-704;0
greedy-704;0
naive-705;0
greedy-705;0
naive-706;6
greedy-706;0
naive-707;0
greedy-707;0
naive-708;0
greedy-708;0
naive-709;0
greedy-709;0
naive-710;0
greedy-710;0
naive-711;29
greedy-711;29
naive-712;39
greedy-712;0
naive-713;0
greedy-713;0
naive-714;0
greedy-714;0
naive-715;3
greedy-715;0
naive-716;0
greedy-716;0
naive-717;0
greedy-717;0
naive-718;0
greedy-718;0
naive-719;0
greedy-719;0
naive-720;0
greedy-720;0
naive-721;0
greedy-721;0
naive-722;0
greedy-722;0
naive-723;99
greedy-723;0
naive-724;0
greedy-724;0
naive-725;0
greedy-725;0
naive-726;35
greedy-726;0
naive-727;0
greedy-727;0
naive-728;0
greedy-728;0
naive-729;0
greedy-729;0
naive-730;0
greedy-730;0
naive-731;29
greedy-731;0
naive-732;0
greedy-732;0
naive-733;0
greedy-733;0
naive-734;23
greedy-734;0
naive-735;0
greedy-735;0
naive-736;0
greedy-736;0
naive-737;0
greedy-737;0
naive-738;0
greedy-738;0
naive-739;0
greedy-739;0
naive-740;0
greedy-740;0
naive-741;0
greedy-741;0
naive-742;0
greedy-742;0
naive-743;0
greedy-743;0
naive-744;24
greedy-744;8
naive-745;42
greedy-745;0
naive-746;0
greedy-746;0
naive-747;0
greedy-747;0
naive-748;0
greedy-748;0
naive-749;58
greedy-749;0
naive-750;0
greedy-750;0
naive-751;71
greedy-751;63
naive-752;75
greedy-752;58
naive-753;99
greedy-753;70
naive-754;50
greedy-754;44
naive-755;8
greedy-755;0
naive-756;59
greedy-756;44
naive-757;35
greedy-757;0
naive-758;58
greedy-758;0
naive-759;56
greedy-759;0
naive-760;86
greedy-760;0
naive-761;62
greedy-761;62
naive-762;83
greedy-762;77
naive-763;0
greedy-763;0
naive-764;36
greedy-764;0
naive-765;88
greedy-765;56
naive-766;76
greedy-766;60
naive-767;76
greedy-767;46
naive-768;55
greedy-768;0
naive-769;70
greedy-769;62
naive-770;44
greedy-770;0
naive-771;80
greedy-771;75
naive-772;78
greedy-772;73
naive-773;76
greedy-773;72
naive-774;82
greedy-774;79
naive-775;73
greedy-775;71
naive-776;69
greedy-776;64
naive-777;74
greedy-777;70
naive-778;71
greedy-778;69
naive-779;78
greedy-779;74
naive-780;71
greedy-780;63
naive-781;68
greedy-781;68
naive-782;72
greedy-782;70
naive-783;74
greedy-783;66
naive-784;67
greedy-784;67
naive-785;70
greedy-785;66
naive-786;80
greedy-786;80
naive-787;63
greedy-787;55
naive-788;71
greedy-788;71
naive-789;75
greedy-789;68
naive-790;73
greedy-790;71
naive-791;44
greedy-791;6
naive-792;55
greedy-792;51
naive-793;50
greedy-793;9
naive-794;60
greedy-794;54
naive-795;41
greedy-795;12
naive-796;72
greedy-796;64
naive-797;61
greedy-797;56
naive-798;70
greedy-798;49
naive-799;52
greedy-799;52
naive-800;53
greedy-800;46
naive-801;53
greedy-801;37
naive-802;44
greedy-802;44
naive-803;42
greedy-803;0
naive-804;39
greedy-804;31
naive-805;44
greedy-805;25
naive-806;63
greedy-806;61
naive-807;60
greedy-807;56
naive-808;68
greedy-808;15
naive-809;31
greedy-809;31
naive-810;52
greedy-810;52
naive-811;31
greedy-811;18
naive-812;25
greedy-812;15
naive-813;0
greedy-813;0
naive-814;0
greedy-814;0
naive-815;42
greedy-815;13
naive-816;0
greedy-816;0
naive-817;0
greedy-817;0
naive-818;1
greedy-818;0
naive-819;0
greedy-819;0
naive-820;0
greedy-820;0
naive-821;0
greedy-821;0
naive-822;0
greedy-822;0
naive-823;0
greedy-823;0
naive-824;0
greedy-824;0
naive-825;45
greedy-825;35
naive-826;99
greedy-826;0
naive-827;0
greedy-827;0
naive-828;0
greedy-828;0
naive-829;0
greedy-829;0
naive-830;0
greedy-830;0
naive-831;0
greedy-831;0
naive-832;0
greedy-832;0
naive-833;0
greedy-833;0
naive-834;0
greedy-834;0
naive-835;0
greedy-835;0
naive-836;0
greedy-836;0
naive-837;0
greedy-837;0
naive-838;0
greedy-838;0
naive-839;0
greedy-839;0
naive-840;0
greedy-840;0
naive-841;0
greedy-841;0
naive-842;0
greedy-842;0
naive-843;0
greedy-843;0
naive-844;0
greedy-844;0
naive-845;0
greedy-845;0
naive-846;99
greedy-846;0
naive-847;0
greedy-847;0
naive-848;0
greedy-848;0
naive-849;0
greedy-849;0
naive-850;0
greedy-850;0
naive-851;35
greedy-851;0
naive-852;0
greedy-852;0
naive-853;0
greedy-853;0
naive-854;0
greedy-854;0
naive-855;0
greedy-855;0
naive-856;16
greedy-856;0
naive-857;35
greedy-857;0
naive-858;0
greedy-858;0
naive-859;65
greedy-859;35
naive-860;76
greedy-860;76
naive-861;0
greedy-861;0
naive-862;0
greedy-862;0
naive-863;37
greedy-863;0
naive-864;99
greedy-864;0
naive-865;0
greedy-865;0
naive-866;56
greedy-866;39
naive-867;0
greedy-867;0
naive-868;99
greedy-868;0
naive-869;69
greedy-869;0
naive-870;62
greedy-870;52
naive-871;36
greedy-871;0
naive-872;0
greedy-872;0
naive-873;59
greedy-873;0
naive-874;41
greedy-874;0
naive-875;0
greedy-875;0
naive-876;69
greedy-876;39
naive-877;44
greedy-877;0
naive-878;81
greedy-878;0
naive-879;82
greedy-879;82
naive-880;65
greedy-880;65
naive-881;78
greedy-881;74
naive-882;82
greedy-882;78
naive-883;99
greedy-883;70
naive-884;77
greedy-884;75
naive-885;74
greedy-885;67
naive-886;72
greedy-886;70
naive-887;76
greedy-887;74
naive-888;76
greedy-888;72
naive-889;79
greedy-889;72
naive-890;75
greedy-890;71
naive-891;68
greedy-891;62
naive-892;77
greedy-892;72
naive-893;66
greedy-893;64
naive-894;66
greedy-894;60
naive-895;78
greedy-895;76
naive-896;71
greedy-896;57
naive-897;76
greedy-897;74
naive-898;71
greedy-898;67
naive-899;71
greedy-899;65
naive-900;71
greedy-900;56
naive-901;55
greedy-901;55
naive-902;43
greedy-902;41
naive-903;65
greedy-903;54
naive-904;64
greedy-904;58
naive-905;63
greedy-905;63
naive-906;62
greedy-906;62
naive-907;56
greedy-907;56
naive-908;80
greedy-908;78
naive-909;63
greedy-909;58
naive-910;59
greedy-910;43
naive-911;64
greedy-911;62
naive-912;58
greedy-912;44
naive-913;63
greedy-913;61
naive-914;55
greedy-914;41
naive-915;28
greedy-915;28
naive-916;60
greedy-916;53
naive-917;36
greedy-917;0
naive-918;35
greedy-918;33
naive-919;56
greedy-919;38
naive-920;48
greedy-920;40
naive-921;35
greedy-921;0
naive-922;59
greedy-922;45
naive-923;52
greedy-923;37
naive-924;0
greedy-924;0
naive-925;55
greedy-925;29
naive-926;35
greedy-926;35
naive-927;46
greedy-927;44
naive-928;0
greedy-928;0
naive-929;19
greedy-929;0
naive-930;56
greedy-930;54
naive-931;0
greedy-931;0
naive-932;42
greedy-932;31
naive-933;0
greedy-933;0
naive-934;0
greedy-934;0
naive-935;0
greedy-935;0
naive-936;48
greedy-936;0
naive-937;0
greedy-937;0
naive-938;63
greedy-938;36
naive-939;48
greedy-939;0
naive-940;0
greedy-940;0
naive-941;0
greedy-941;0
naive-942;0
greedy-942;0
naive-943;0
greedy-943;0
naive-944;0
greedy-944;0
naive-945;0
greedy-945;0
naive-946;0
greedy-946;0
naive-947;0
greedy-947;0
naive-948;0
greedy-948;0
naive-949;0
greedy-949;0
naive-950;0
greedy-950;0
naive-951;0
greedy-951;0
naive-952;0
greedy-952;0
naive-953;0
greedy-953;0
naive-954;0
greedy-954;0
naive-955;0
greedy-955;0
naive-956;0
greedy-956;0
naive-957;0
greedy-957;0
naive-958;0
greedy-958;0
naive-959;0
greedy-959;0
naive-960;1
greedy-960;0
naive-961;76
greedy-961;0
naive-962;0
greedy-962;0
naive-963;0
greedy-963;0
naive-964;48
greedy-964;0
naive-965;91
greedy-965;0
naive-966;0
greedy-966;0
naive-967;0
greedy-967;0
naive-968;90
greedy-968;0
naive-969;0
greedy-969;0
naive-970;0
greedy-970;0
naive-971;0
greedy-971;0
naive-972;0
greedy-972;0
naive-973;0
greedy-973;0
naive-974;0
greedy-974;0
naive-975;0
greedy-975;0
naive-976;59
greedy-976;59
naive-977;61
greedy-977;0
naive-978;0
greedy-978;0
naive-979;0
greedy-979;0
naive-980;0
greedy-980;0
naive-981;41
greedy-981;0
naive-982;69
greedy-982;59
naive-983;59
greedy-983;0
naive-984;47
greedy-984;0
naive-985;56
greedy-985;0
naive-986;54
greedy-986;0
naive-987;87
greedy-987;69
naive-988;43
greedy-988;0
naive-989;0
greedy-989;0
naive-990;79
greedy-990;0
naive-991;73
greedy-991;71
naive-992;78
greedy-992;72
naive-993;79
greedy-993;74
naive-994;76
greedy-994;72
naive-995;78
greedy-995;74
naive-996;72
greedy-996;70
naive-997;73
greedy-997;73
naive-998;99
greedy-998;69
naive-999;78
greedy-999;76
naive-1000;77
greedy-1000;73
naive-1001;99
greedy-1001;72
naive-1002;54
greedy-1002;54
naive-1003;76
greedy-1003;74
naive-1004;69
greedy-1004;67
naive-1005;76
greedy-1005;72
naive-1006;68
greedy-1006;63
naive-1007;75
greedy-1007;73
naive-1008;75
greedy-1008;71
naive-1009;74
greedy-1009;70
naive-1010;76
greedy-1010;69
naive-1011;73
greedy-1011;69
naive-1012;60
greedy-1012;56
naive-1013;59
greedy-1013;59
naive-1014;73
greedy-1014;69
naive-1015;41
greedy-1015;41
naive-1016;76
greedy-1016;67
naive-1017;53
greedy-1017;53
naive-1018;74
greedy-1018;64
naive-1019;67
greedy-1019;65
naive-1020;64
greedy-1020;53
naive-1021;42
greedy-1021;38
naive-1022;23
greedy-1022;0
naive-1023;46
greedy-1023;44
naive-1024;61
greedy-1024;40
naive-1025;60
greedy-1025;58
naive-1026;58
greedy-1026;58
naive-1027;0
greedy-1027;0
naive-1028;61
greedy-1028;57
naive-1029;53
greedy-1029;39
naive-1030;54
greedy-1030;44
naive-1031;56
greedy-1031;36
naive-1032;55
greedy-1032;55
naive-1033;61
greedy-1033;51
naive-1034;50
greedy-1034;0
naive-1035;36
greedy-1035;5
naive-1036;56
greedy-1036;56
naive-1037;70
greedy-1037;55
naive-1038;47
greedy-1038;41
naive-1039;39
greedy-1039;39
naive-1040;43
greedy-1040;41
naive-1041;0
greedy-1041;0
naive-1042;0
greedy-1042;0
naive-1043;0
greedy-1043;0
naive-1044;0
greedy-1044;0
naive-1045;12
greedy-1045;0
naive-1046;41
greedy-1046;0
naive-1047;0
greedy-1047;0
naive-1048;1
greedy-1048;0
naive-1049;0
greedy-1049;0
naive-1050;23
greedy-1050;0
naive-1051;0
greedy-1051;0
naive-1052;0
greedy-1052;0
naive-1053;0
greedy-1053;0
naive-1054;99
greedy-1054;0
naive-1055;0
greedy-1055;0
naive-1056;0
greedy-1056;0
naive-1057;0
greedy-1057;0
naive-1058;18
greedy-1058;0
naive-1059;0
greedy-1059;0
naive-1060;0
greedy-1060;0
naive-1061;0
greedy-1061;0
naive-1062;0
greedy-1062;0
naive-1063;0
greedy-1063;0
naive-1064;0
greedy-1064;0
naive-1065;0
greedy-1065;0
naive-1066;0
greedy-1066;0
naive-1067;0
greedy-1067;0
naive-1068;0
greedy-1068;0
naive-1069;0
greedy-1069;0
naive-1070;0
greedy-1070;0
naive-1071;0
greedy-1071;0
naive-1072;0
greedy-1072;0
naive-1073;0
greedy-1073;0
naive-1074;0
greedy-1074;0
naive-1075;0
greedy-1075;0
naive-1076;0
greedy-1076;0
naive-1077;0
greedy-1077;0
naive-1078;0
greedy-1078;0
naive-1079;0
greedy-1079;0
naive-1080;0
greedy-1080;0
naive-1081;0
greedy-1081;0
naive-1082;0
greedy-1082;0
naive-1083;0
greedy-1083;0
naive-1084;0
greedy-1084;0
naive-1085;0
greedy-1085;0
naive-1086;0
greedy-1086;0
naive-1087;99
greedy-1087;0
naive-1088;0
greedy-1088;0
naive-1089;0
greedy-1089;0
naive-1090;0
greedy-1090;0
naive-1091;0
greedy-1091;0
naive-1092;56
greedy-1092;0
naive-1093;53
greedy-1093;0
naive-1094;0
greedy-1094;0
naive-1095;37
greedy-1095;0
naive-1096;0
greedy-1096;0
naive-1097;99
greedy-1097;0
naive-1098;0
greedy-1098;0
naive-1099;0
greedy-1099;0
naive-1100;0
greedy-1100;0
naive-1101;75
greedy-1101;71
naive-1102;79
greedy-1102;75
naive-1103;73
greedy-1103;71
naive-1104;78
greedy-1104;72
naive-1105;73
greedy-1105;71
naive-1106;74
greedy-1106;72
naive-1107;99
greedy-1107;72
naive-1108;74
greedy-1108;72
naive-1109;79
greedy-1109;75
naive-1110;75
greedy-1110;73
naive-1111;75
greedy-1111;75
naive-1112;65
greedy-1112;63
naive-1113;73
greedy-1113;67
naive-1114;71
greedy-1114;69
naive-1115;71
greedy-1115;67
naive-1116;71
greedy-1116;69
naive-1117;65
greedy-1117;59
naive-1118;72
greedy-1118;66
naive-1119;72
greedy-1119;70
naive-1120;73
greedy-1120;69
naive-1121;53
greedy-1121;53
naive-1122;58
greedy-1122;58
naive-1123;57
greedy-1123;57
naive-1124;72
greedy-1124;64
naive-1125;70
greedy-1125;68
naive-1126;58
greedy-1126;58
naive-1127;70
greedy-1127;68
naive-1128;51
greedy-1128;39
naive-1129;99
greedy-1129;64
naive-1130;52
greedy-1130;44
naive-1131;45
greedy-1131;4
naive-1132;54
greedy-1132;31
naive-1133;51
greedy-1133;51
naive-1134;43
greedy-1134;32
naive-1135;65
greedy-1135;65
naive-1136;59
greedy-1136;57
naive-1137;53
greedy-1137;0
naive-1138;61
greedy-1138;61
naive-1139;24
greedy-1139;24
naive-1140;51
greedy-1140;43
naive-1141;9
greedy-1141;9
naive-1142;50
greedy-1142;44
naive-1143;99
greedy-1143;41
naive-1144;61
greedy-1144;61
naive-1145;55
greedy-1145;37
naive-1146;37
greedy-1146;20
naive-1147;63
greedy-1147;39
naive-1148;63
greedy-1148;59
naive-1149;63
greedy-1149;39
naive-1150;61
greedy-1150;57
naive-1151;37
greedy-1151;35
naive-1152;38
greedy-1152;38
naive-1153;0
greedy-1153;0
naive-1154;36
greedy-1154;0
naive-1155;0
greedy-1155;0
naive-1156;0
greedy-1156;0
naive-1157;0
greedy-1157;0
naive-1158;0
greedy-1158;0
naive-1159;3
greedy-1159;3
naive-1160;13
greedy-1160;0
naive-1161;0
greedy-1161;0
naive-1162;99
greedy-1162;0
naive-1163;0
greedy-1163;0
naive-1164;0
greedy-1164;0
naive-1165;0
greedy-1165;0
naive-1166;0
greedy-1166;0
naive-1167;0
greedy-1167;0
naive-1168;0
greedy-1168;0
naive-1169;0
greedy-1169;0
naive-1170;99
greedy-1170;0
naive-1171;99
greedy-1171;0
naive-1172;0
greedy-1172;0
naive-1173;0
greedy-1173;0
naive-1174;0
greedy-1174;0
naive-1175;0
greedy-1175;0
naive-1176;0
greedy-1176;0
naive-1177;0
greedy-1177;0
naive-1178;99
greedy-1178;0
naive-1179;0
greedy-1179;0
naive-1180;0
greedy-1180;0
naive-1181;0
greedy-1181;0
naive-1182;99
greedy-1182;0
naive-1183;0
greedy-1183;0
naive-1184;0
greedy-1184;0
naive-1185;0
greedy-1185;0
naive-1186;0
greedy-1186;0
naive-1187;0
greedy-1187;0
naive-1188;0
greedy-1188;0
naive-1189;0
greedy-1189;0
naive-1190;0
greedy-1190;0
naive-1191;0
greedy-1191;0
naive-1192;0
greedy-1192;0
naive-1193;0
greedy-1193;0
naive-1194;0
greedy-1194;0
naive-1195;0
greedy-1195;0
naive-1196;0
greedy-1196;0
naive-1197;0
greedy-1197;0
naive-1198;0
greedy-1198;0
naive-1199;0
greedy-1199;0
naive-1200;0
greedy-1200;0
async-1;0
async-2;0
async-3;0
async-4;0
async-5;0
async-6;0
async-7;0
async-8;0
async-9;0
async-10;0
async-11;0
async-12;0
async-13;0
async-14;0
async-15;0
async-16;0
async-17;0
async-18;0
async-19;0
async-20;0
async-21;0
async-22;0
async-23;0
async-24;0
async-25;0
async-26;0
async-27;0
async-28;0
async-29;0
async-30;0
async-31;0
async-32;0
async-33;0
async-34;0
async-35;0
async-36;0
async-37;99
async-38;0
async-39;0
async-40;0
async-41;0
async-42;0
async-43;0
async-44;99
async-45;0
async-46;0
async-47;0
async-48;0
async-49;0
async-50;0
async-51;0
async-52;0
async-53;0
async-54;0
async-55;0
async-56;0
async-57;0
async-58;0
async-59;0
async-60;0
async-61;0
async-62;0
async-63;0
async-64;0
async-65;0
async-66;0
async-67;0
async-68;0
async-69;0
async-70;0
async-71;99
async-72;0
async-73;0
async-74;0
async-75;0
async-76;0
async-77;0
async-78;0
async-79;0
async-80;0
async-81;0
async-82;0
async-83;0
async-84;0
async-85;0
async-86;0
async-87;0
async-88;0
async-89;0
async-90;0
async-91;0
async-92;0
async-93;0
async-94;0
async-95;0
async-96;0
async-97;0
async-98;99
async-99;0
async-100;0
async-101;0
async-102;0
async-103;0
async-104;0
async-105;0
async-106;0
async-107;0
async-108;0
async-109;0
async-110;0
async-111;0
async-112;0
async-113;0
async-114;0
async-115;0
async-116;0
async-117;0
async-118;0
async-119;0
async-120;0
async-121;0
async-122;0
async-123;0
async-124;0
async-125;0
async-126;0
async-127;0
async-128;0
async-129;0
async-130;0
async-131;0
async-132;0
async-133;0
async-134;0
async-135;0
async-136;0
async-137;0
async-138;0
async-139;0
async-140;0
async-141;0
async-142;0
async-143;0
async-144;0
async-145;0
async-146;0
async-147;0
async-148;0
async-149;0
async-150;0
async-151;0
async-152;0
async-153;0
async-154;0
async-155;0
async-156;0
async-157;0
async-158;0
async-159;0
async-160;0
async-161;0
async-162;0
async-163;0
async-164;0
async-165;0
async-166;0
async-167;0
async-168;0
async-169;0
async-170;0
async-171;0
async-172;0
async-173;0
async-174;0
async-175;0
async-176;0
async-177;0
async-178;0
async-179;0
async-180;0
async-181;0
async-182;0
async-183;0
async-184;0
async-185;0
async-186;0
async-187;0
async-188;0
async-189;0
async-190;0
async-191;0
async-192;0
async-193;0
async-194;0
async-195;0
async-196;0
async-197;0
async-198;0
async-199;0
async-200;0
async-201;0
async-202;0
async-203;0
async-204;0
async-205;0
async-206;0
async-207;0
async-208;0
async-209;0
async-210;0
async-211;0
async-212;0
async-213;0
async-214;0
async-215;0
async-216;0
async-217;0
async-218;0
async-219;0
async-220;0
async-221;0
async-222;0
async-223;0
async-224;0
async-225;0
async-226;0
async-227;0
async-228;0
async-229;0
async-230;0
async-231;0
async-232;0
async-233;0
async-234;0
async-235;0
async-236;0
async-237;0
async-238;0
async-239;0
async-240;0
async-241;0
async-242;0
async-243;0
async-244;0
async-245;0
async-246;0
async-247;0
async-248;0
async-249;0
async-250;0
async-251;0
async-252;0
async-253;0
async-254;0
async-255;0
async-256;0
async-257;0
async-258;0
async-259;0
async-260;0
async-261;0
async-262;0
async-263;0
async-264;0
async-265;0
async-266;0
async-267;0
async-268;0
async-269;0
async-270;0
async-271;0
async-272;0
async-273;0
async-274;0
async-275;0
async-276;0
async-277;0
async-278;0
async-279;0
async-280;0
async-281;0
async-282;0
async-283;0
async-284;0
async-285;0
async-286;0
async-287;0
async-288;0
async-289;0
async-290;0
async-291;0
async-292;0
async-293;0
async-294;0
async-295;0
async-296;0
async-297;0
async-298;0
async-299;0
async-300;0
async-301;0
async-302;0
async-303;0
async-304;0
async-305;0
async-306;0
async-307;0
async-308;0
async-309;0
async-310;0
async-311;0
async-312;0
async-313;0
async-314;0
async-315;0
async-316;0
async-317;0
async-318;0
async-319;0
async-320;0
async-321;0
async-322;0
async-323;0
async-324;0
async-325;0
async-326;0
async-327;0
async-328;0
async-329;0
async-330;0
async-331;0
async-332;0
async-333;0
async-334;0
async-335;0
async-336;0
async-337;0
async-338;0
async-339;0
async-340;0
async-341;0
async-342;0
async-343;0
async-344;0
async-345;0
async-346;0
async-347;0
async-348;0
async-349;0
async-350;0
async-351;0
async-352;0
async-353;0
async-354;0
async-355;0
async-356;0
async-357;0
async-358;0
async-359;0
async-360;0
async-361;0
async-362;0
async-363;0
async-364;0
async-365;0
async-366;0
async-367;0
async-368;0
async-369;0
async-370;0
async-371;0
async-372;0
async-373;0
async-374;0
async-375;0
async-376;0
async-377;0
async-378;0
async-379;0
async-380;0
async-381;0
async-382;0
async-383;0
async-384;0
async-385;0
async-386;0
async-387;0
async-388;0
async-389;0
async-390;0
async-391;0
async-392;0
async-393;0
async-394;0
async-395;0
async-396;0
async-397;0
async-398;0
async-399;0
async-400;0
async-401;0
async-402;0
async-403;0
async-404;0
async-405;0
async-406;0
async-407;0
async-408;0
async-409;0
async-410;0
async-411;0
async-412;0
async-413;0
async-414;0
async-415;0
async-416;0
async-417;0
async-418;0
async-419;0
async-420;0
async-421;0
async-422;0
async-423;0
async-424;0
async-425;0
async-426;0
async-427;0
async-428;0
async-429;0
async-430;0
async-431;0
async-432;0
async-433;0
async-434;0
async-435;0
async-436;0
async-437;0
async-438;0
async-439;0
async-440;0
async-441;0
async-442;0
async-443;0
async-444;0
async-445;0
async-446;0
async-447;0
async-448;0
async-449;0
async-450;0
async-451;0
async-452;0
async-453;0
async-454;0
async-455;0
async-456;0
async-457;0
async-458;0
async-459;0
async-460;0
async-461;0
async-462;0
async-463;0
async-464;0
async-465;0
async-466;0
async-467;0
async-468;0
async-469;0
async-470;0
async-471;0
async-472;0
async-473;0
async-474;0
async-475;0
async-476;0
async-477;0
async-478;0
async-479;0
async-480;0
async-481;0
async-482;0
async-483;0
async-484;0
async-485;0
async-486;0
async-487;0
async-488;0
async-489;0
async-490;0
async-491;0
async-492;0
async-493;0
async-494;0
async-495;0
async-496;0
async-497;0
async-498;0
async-499;0
async-500;0
async-501;0
async-502;0
async-503;0
async-504;0
async-505;0
async-506;0
async-507;0
async-508;0
async-509;0
async-510;0
async-511;0
async-512;0
async-513;0
async-514;0
async-515;0
async-516;0
async-517;0
async-518;0
async-519;0
async-520;0
async-521;0
async-522;0
async-523;0
async-524;0
async-525;0
async-526;0
async-527;0
async-528;0
async-529;0
async-530;0
async-531;0
async-532;0
async-533;0
async-534;0
async-535;0
async-536;0
async-537;0
async-538;0
async-539;0
async-540;0
async-541;0
async-542;0
async-543;0
async-544;0
async-545;0
async-546;0
async-547;0
async-548;0
async-549;0
async-550;0
async-551;0
async-552;0
async-553;0
async-554;0
async-555;0
async-556;0
async-557;0
async-558;0
async-559;0
async-560;0
async-561;0
async-562;0
async-563;0
async-564;0
async-565;0
async-566;0
async-567;0
async-568;0
async-569;0
async-570;0
async-571;0
async-572;0
async-573;0
async-574;0
async-575;0
async-576;0
async-577;0
async-578;0
async-579;0
async-580;0
async-581;0
async-582;0
async-583;0
async-584;0
async-585;0
async-586;0
async-587;0
async-588;0
async-589;0
async-590;0
async-591;0
async-592;0
async-593;0
async-594;0
async-595;0
async-596;0
async-597;0
async-598;0
async-599;0
async-600;0
async-601;0
async-602;0
async-603;0
async-604;0
async-605;0
async-606;0
async-607;0
async-608;0
async-609;0
async-610;0
async-611;0
async-612;0
async-613;0
async-614;0
async-615;0
async-616;0
async-617;0
async-618;0
async-619;0
async-620;0
async-621;0
async-622;0
async-623;0
async-624;0
async-625;0
async-626;0
async-627;0
async-628;0
async-629;0
async-630;0
async-631;0
async-632;0
async-633;0
async-634;0
async-635;0
async-636;0
async-637;0
async-638;0
async-639;0
async-640;0
async-641;0
async-642;0
async-643;0
async-644;0
async-645;0
async-646;0
async-647;0
async-648;0
async-649;0
async-650;0
async-651;0
async-652;0
async-653;0
async-654;0
async-655;0
async-656;0
async-657;0
async-658;0
async-659;0
async-660;0
async-661;0
async-662;0
async-663;0
async-664;0
async-665;0
async-666;36
async-667;0
async-668;0
async-669;0
async-670;0
async-671;0
async-672;0
async-673;0
async-674;0
async-675;0
async-676;0
async-677;0
async-678;0
async-679;0
async-680;0
async-681;0
async-682;0
async-683;0
async-684;0
async-685;0
async-686;0
async-687;0
async-688;0
async-689;0
async-690;0
async-691;0
async-692;0
async-693;0
async-694;0
async-695;0
async-696;0
async-697;0
async-698;0
async-699;0
async-700;0
async-701;0
async-702;0
async-703;0
async-704;0
async-705;0
async-706;0
async-707;0
async-708;0
async-709;0
async-710;0
async-711;0
async-712;0
async-713;0
async-714;0
async-715;0
async-716;0
async-717;0
async-718;0
async-719;0
async-720;0
async-721;0
async-722;0
async-723;0
async-724;0
async-725;0
async-726;0
async-727;0
async-728;0
async-729;0
async-730;0
async-731;0
async-732;0
async-733;0
async-734;0
async-735;0
async-736;0
async-737;0
async-738;0
async-739;0
async-740;0
async-741;0
async-742;0
async-743;0
async-744;0
async-745;0
async-746;0
async-747;0
async-748;0
async-749;0
async-750;0
async-751;0
async-752;0
async-753;0
async-754;0
async-755;0
async-756;0
async-757;0
async-758;0
async-759;0
async-760;0
async-761;0
async-762;0
async-763;0
async-764;0
async-765;0
async-766;0
async-767;0
async-768;0
async-769;0
async-770;0
async-771;0
async-772;0
async-773;0
async-774;0
async-775;0
async-776;0
async-777;0
async-778;0
async-779;0
async-780;0
async-781;0
async-782;0
async-783;0
async-784;0
async-785;0
async-786;0
async-787;0
async-788;0
async-789;0
async-790;0
async-791;0
async-792;0
async-793;0
async-794;0
async-795;0
async-796;0
async-797;0
async-798;0
async-799;0
async-800;0
async-801;0
async-802;0
async-803;0
async-804;0
async-805;0
async-806;0
async-807;0
async-808;0
async-809;0
async-810;0
async-811;0
async-812;0
async-813;0
async-814;0
async-815;0
async-816;0
async-817;0
async-818;0
async-819;0
async-820;0
async-821;0
async-822;0
async-823;0
async-824;0
async-825;0
async-826;0
async-827;0
async-828;0
async-829;0
async-830;0
async-831;0
async-832;0
async-833;0
async-834;0
async-835;0
async-836;0
async-837;0
async-838;0
async-839;0
async-840;0
async-841;0
async-842;0
async-843;0
async-844;0
async-845;0
async-846;0
async-847;0
async-848;0
async-849;0
async-850;0
async-851;0
async-852;0
async-853;0
async-854;0
async-855;0
async-856;0
async-857;0
async-858;0
async-859;0
async-860;0
async-861;0
async-862;0
async-863;0
async-864;0
async-865;0
async-866;0
async-867;0
async-868;0
async-869;0
async-870;0
async-871;0
async-872;0
async-873;0
async-874;0
async-875;0
async-876;0
async-877;0
async-878;0
async-879;0
async-880;0
async-881;0
async-882;0
async-883;0
async-884;0
async-885;0
async-886;0
async-887;0
async-888;0
async-889;0
async-890;0
async-891;0
async-892;0
async-893;0
async-894;0
async-895;0
async-896;0
async-897;0
async-898;0
async-899;0
async-900;0
async-901;0
async-902;0
async-903;0
async-904;0
async-905;0
async-906;0
async-907;0
async-908;0
async-909;0
async-910;0
async-911;0
async-912;0
async-913;0
async-914;0
async-915;0
async-916;0
async-917;0
async-918;0
async-919;0
async-920;0
async-921;0
async-922;0
async-923;0
async-924;0
async-925;0
async-926;0
async-927;0
async-928;0
async-929;0
async-930;0
async-931;0
async-932;0
async-933;0
async-934;0
async-935;0
async-936;0
async-937;0
async-938;0
async-939;0
async-940;0
async-941;0
async-942;0
async-943;0
async-944;0
async-945;0
async-946;0
async-947;0
async-948;0
async-949;0
async-950;0
async-951;0
async-952;0
async-953;0
async-954;0
async-955;0
async-956;0
async-957;0
async-958;0
async-959;0
async-960;0
async-961;0
async-962;0
async-963;0
async-964;0
async-965;0
async-966;0
async-967;0
async-968;0
async-969;0
async-970;0
async-971;0
async-972;0
async-973;0
async-974;0
async-975;0
async-976;0
async-977;0
async-978;0
async-979;0
async-980;0
async-981;0
async-982;0
async-983;0
async-984;0
async-985;0
async-986;0
async-987;0
async-988;0
async-989;0
async-990;0
async-991;0
async-992;0
async-993;0
async-994;0
async-995;0
async-996;0
async-997;0
async-998;0
async-999;0
async-1000;0
async-1001;0
async-1002;0
async-1003;0
async-1004;0
async-1005;0
async-1006;0
async-1007;0
async-1008;0
async-1009;0
async-1010;0
async-1011;0
async-1012;0
async-1013;0
async-1014;0
async-1015;0
async-1016;0
async-1017;0
async-1018;0
async-1019;0
async-1020;0
async-1021;0
async-1022;0
async-1023;0
async-1024;0
async-1025;0
async-1026;0
async-1027;0
async-1028;0
async-1029;0
async-1030;0
async-1031;0
async-1032;0
async-1033;0
async-1034;0
async-1035;0
async-1036;0
async-1037;0
async-1038;0
async-1039;0
async-1040;0
async-1041;0
async-1042;0
async-1043;0
async-1044;0
async-1045;0
async-1046;0
async-1047;0
async-1048;0
async-1049;0
async-1050;0
async-1051;0
async-1052;0
async-1053;0
async-1054;0
async-1055;0
async-1056;0
async-1057;0
async-1058;0
async-1059;0
async-1060;0
async-1061;0
async-1062;0
async-1063;0
async-1064;0
async-1065;0
async-1066;0
async-1067;0
async-1068;0
async-1069;0
async-1070;0
async-1071;0
async-1072;0
async-1073;0
async-1074;0
async-1075;0
async-1076;0
async-1077;0
async-1078;0
async-1079;0
async-1080;0
async-1081;0
async-1082;0
async-1083;0
async-1084;0
async-1085;0
async-1086;0
async-1087;0
async-1088;0
async-1089;0
async-1090;0
async-1091;0
async-1092;0
async-1093;0
async-1094;0
async-1095;0
async-1096;0
async-1097;0
async-1098;0
async-1099;0
async-1100;0
async-1101;0
async-1102;0
async-1103;0
async-1104;0
async-1105;0
async-1106;0
async-1107;36
async-1108;0
async-1109;0
async-1110;0
async-1111;0
async-1112;0
async-1113;0
async-1114;0
async-1115;0
async-1116;0
async-1117;0
async-1118;0
async-1119;0
async-1120;0
async-1121;0
async-1122;0
async-1123;0
async-1124;0
async-1125;0
async-1126;0
async-1127;0
async-1128;0
async-1129;0
async-1130;0
async-1131;0
async-1132;0
async-1133;0
async-1134;0
async-1135;0
async-1136;0
async-1137;0
async-1138;0
async-1139;0
async-1140;0
async-1141;0
async-1142;0
async-1143;0
async-1144;0
async-1145;0
async-1146;0
async-1147;0
async-1148;0
async-1149;0
async-1150;0
async-1151;0
async-1152;0
async-1153;0
async-1154;0
async-1155;0
async-1156;0
async-1157;0
async-1158;0
async-1159;0
async-1160;0
async-1161;0
async-1162;0
async-1163;0
async-1164;0
async-1165;0
async-1166;0
async-1167;0
async-1168;0
async-1169;0
async-1170;0
async-1171;99
async-1172;0
async-1173;0
async-1174;0
async-1175;0
async-1176;0
async-1177;0
async-1178;0
async-1179;0
async-1180;0
async-1181;0
async-1182;99
async-1183;0
async-1184;0
async-1185;0
async-1186;0
async-1187;0
async-1188;0
async-1189;0
async-1190;0
async-1191;0
async-1192;0
async-1193;0
async-1194;0
async-1195;0
async-1196;0
async-1197;0
async-1198;0
async-1199;0
async-1200;0
